Search Parameters,Year,populationratio,Mo,Dy,Hr,Mn,Sec,Tsu,Vol,Location Name,Latitude,Longitude,Focal Depth (km),Mag,MMI Int,Deaths,Death Description,Missing,Missing Description,Injuries,Injuries Description,Damage ($Mil),Damage Description,Houses Destroyed,Houses Destroyed Description,Houses Damaged,Houses Damaged Description,Total Deaths,Total Death Description,Total Missing,Total Missing Description,Total Injuries,Total Injuries Description,Total Damage ($Mil),Total Damage Description,Total Houses Destroyed,Total Houses Destroyed Description,Total Houses Damaged,Total Houses Damaged Description
"[""Country = Indonesia""]",,,,,,,,,,,,,,,,,,,,,,,,,,,,,,,,,,,,,,,
,1629,,8,1,,,,243,,INDONESIA:  BANDA SEA,-4.6,129.9,,,,,,,,,,,,,,,,,,,,,,,2,,2,,
,1630,,,,,,,5182,,INDONESIA:  BANDA SEA,-4.6,129.9,,,,,,,,,,,,,,,,,,,,,,,,,,,
,1646,,7,19,,,,5754,664,INDONESIA: MALUKU: MAKJAN (MAKLAN),0.32,127.4,,,9,,,,,,,,,,,,,,3,,,,,,,,,,
,1657,,12,,,,,283,,INDONESIA:  BANDA SEA,-3,128,,,,,,,,,,,,,,,,,,,,,,,,,,,
,1659,,11,9,,,,285,,INDONESIA:  BANDA SEA,-6.92,129.125,,,7,,,,,,,,,,,,,,,,,,,,,,,,
,1673,,5,20,,,,310,,INDONESIA:  N. MOLUCCAS ISLANDS,1.375,127.52,,,,,,,,,,,1,,,,,,,,,,,,1,,,,
,1673,,7,12,,,,311,,INDONESIA:  BANDA SEA,-3,128,,,,,,,,,,,1,,,,,,,,,,,,1,,,,
,1673,,8,12,,,,312,,INDONESIA:  N. MOLUCCAS ISLANDS,1.375,127.52,,,9,,,,,,,,1,,,,,,3,,,,,,1,,1,,
,1674,,2,17,11,30,,315,,"INDONESIA:  AMBON ISLAND, SERAM ISLAND",-3.75,127.75,40,6.8,,86,2,,,35,1,,3,,3,,,2330,4,,,41,1,,3,,3,,
,1674,,5,6,,,,316,,INDONESIA:  BANDA SEA,-3.7,128.2,,,,,,,,,,,,,,,,,,,,,,,,,,,
,1681,,12,11,,,,5302,,INDONESIA:  SUMATRA:  MENTAWAI ISLANDS,,,,,,,,,,,,,,,,,,,,,,,,,,,,,
,1708,,11,28,,,,380,,INDONESIA:  BANDA SEA,-3.69,128.15,,,,,,,,,,,,,,,,,,,,,,,1,,,,
,1710,,3,6,,,,381,,INDONESIA:  BANDANEIRA,-4.53,129.9,,,9,,,,,,,,3,,,,3,,,,,,,,3,,,,3
,1711,,9,5,,,,383,,INDONESIA:  BANDA SEA,-4,129,,7,,,,,,,,,,,,,,2,1,,,,,,1,2,1,,
,1722,,10,,,,,392,,INDONESIA:  JAVA: DJAKARTA (JAKARTA),-6.174,106.829,,,9,,,,,,,,,,,,,,,,,,,,,,,,
,1754,,8,18,,,,449,,INDONESIA:  AMBON ISLAND,-3.5,128.5,,6.5,,4,1,,,,,,2,,2,,2,4,1,,,,,,2,,2,,2
,1754,,9,7,,,,453,,INDONESIA:  BANDA SEA,-3.5,128.5,,,,,,,,,,,,,,,,,,,,,,,,,,,
,1757,,8,24,,,,465,,INDONESIA:  JAKARTA,-6,107,,7.5,,,,,,,,,,,,,,,,,,,,,,,,,
,1763,,9,12,,,,479,,INDONESIA:  BANDANEIRA,-6,130,,,,,,,,,,,2,,3,,,7,1,,,,,,2,,3,,
,1770,,,,,,,500,7542,INDONESIA:  SUMATRA:,-5,102,,7,,,,,,,,,3,,3,,,,,,,,,,3,,3,,
,1775,,4,18,,,,513,,INDONESIA:  BANDA SEA,-3.7,128.2,,,,,,,,,,,1,,,,,,,,,,,,1,,,,
,1797,,2,10,,,,576,,SW. SUMATRA,0.001,99,,8,9,,,,,,,,1,,,,,300,3,,,,,,2,,3,,
,1802,,8,,,,,586,,INDONESIA:  BANDA SEA,-3.7,128.2,,,10,,,,,,,,,,,,,,,,,,,,2,,,,
,1814,,,,,,,611,,"INDONESIA:  TIMOR ISLAND, KUPANG, KISSAR ISLAND",-10.217,123.633,,,,,,,,,,,3,,,,,,,,,,,,3,,,,
,1815,,4,11,,,,3132,,INDONESIA:  AMBON ISLAND,-3.7,128.4,,,,,,,,,,,2,,2,,,,,,,,,,2,,2,,
,1815,,11,22,,,,615,,INDONESIA:  BALI,-8,115,150,7,9,10253,4,,,,,,,,,,,11453,4,,,,,,,,,,
,1816,,5,1,,,,616,,INDONESIA; MALAYSIA:  PENANG ISLAND,5,96.5,,,,,,,,,,,,,,,,,,,,,,,,,,,
,1818,,3,18,,,,621,,INDONESIA:  SUMATRA:  BENGKULU,-4,101.5,,7,9,,,,,,,,1,,,,,,,,,,,,1,,,,
,1818,,11,8,,,,622,,INDONESIA:  SUMBAWA ISLAND:  BIMA,-7,117,600,8.5,,,,,,,,,2,,3,,,,,,,,,,2,,3,,
,1820,,12,29,,,,635,,INDONESIA:  SULAWESI:  MAKASAR,-7,119,80,7.5,10,,,,,,,,,,,,,500,3,,,,,,2,,3,,
,1823,,9,9,,,,643,,INDONESIA:  JAVA,-6.5,108.5,150,6.8,,,,,,,,,,,,,,,,,,,,,,,,,
,1828,,12,29,,,,670,,INDONESIA:  SULAWESI,-7,119,,,9,,3,,,,,,3,,,,,,3,,,,,,3,,,,
,1833,,11,24,,,,681,,INDONESIA:  SUMATRA:  BENGKULU,-2.5,100.5,75,8.3,9,,,,,,,,2,,1,,1,,1,,,,,,2,,1,,1
,1834,,10,10,,,,,,"INDONESIA:  JAVA:  BOGOR, CINAJUR",-6.7,107,,,9,,,,,,,,3,,,,3,,,,,,,,3,,,,3
,1835,,11,1,,,,,5605,INDONESIA:  MALUKU:  AMBON,-3.7,128.2,,,9,,,,,60,2,,2,,2,,,,3,,,60,2,,2,,2,,
,1836,,3,5,,,,695,,FLORES SEA,-8.3,118.7,,,,,,,,,,,,,,,,,,,,,,,,,,,
,1836,,11,28,,,,701,,FLORES SEA,-8.3,118.7,,7.5,,,,,,,,,1,,2,,,,,,,,,,1,,2,,
,1837,,9,29,,,,706,4905,INDONESIA:  BANDA ATJEH,5.5,96,100,7.3,,,,,,,,,2,,,,,,,,,,,,2,,,,
,1837,,11,28,,,,,,INDONESIA:  SUMBAWA ISLAND:  BIMA,-8.5,118.5,,,9,,,,,,,,2,,,,,,,,,,,,1,,2,,
,1840,,1,4,,,,715,,INDONESIA:  JAVA:  PURWOREJO,-8,110.5,150,7,9,,,,,,,,3,,3,,,,,,,,,,3,,3,,
,1840,,2,14,,,,718,,INDONESIA:  MALUKU:  TERNATE ISLAND,0.8,127.325,,,,,,,,,,,2,500,3,,,,,,,,,,2,500,3,,
,1841,,11,26,,,,724,,INDONESIA:  N. MOLUCCAS ISLANDS,-5,130,,,,,,,,,,,,,,,,,,,,,,,,,,,
,1841,,12,16,,,,725,,INDONESIA:  BANDA SEA,-4,127.5,,6,8,,,,,,,,,,,,,,,,,,,,2,,3,,
,1843,,1,5,,,,728,,SW. SUMATRA,1.5,98,70,7.3,11,,3,,,,,,3,,3,,,,3,,,,,,3,,3,,
,1843,,2,7,,,,729,,INDONESIA:  JAVA:  GENTENG ISLAND,-7.2,114,,6,,,,,,,,,,,,,,,,,,,,,,,,,
,1845,,2,8,7,30,,741,489,"INDONESIA:  N SULAWESI:  MENADO, TIKALA, TOMOHON",1.48,124.85,,7,9,118,3,,,,,,2,,3,,,118,3,,,,,,2,,3,,
,1846,,1,25,0,0,,749,,INDONESIA:  N. MOLUCCAS ISLANDS,2,126.5,,7.3,,,,,,,,,,,,,,,,,,,,,,,,,
,1847,,11,16,,,,,,INDONESIA:  JAVA:  CHERIBON,-6.67,108.55,,,,,,,,,,,2,,,,,,,,,,,,2,,,,
,1852,,1,9,,,,5454,,INDONESIA:  JAVA: DJAKARTA; SUMATRA: TELUKBETUNG,-6.5,105.5,150,6.5,8,,,,,,,,1,,,,1,,,,,,,,1,,,,1
,1852,,11,11,0,0,,794,,INDONESIA:  SUMATRA:  SIBOLGA,1.5,98,,6.8,,,,,,,,,,,,,,,,,,,,,,,,,
,1852,,11,19,,,,796,,INDONESIA:  AMBON ISLAND,-3.7,128.2,,,,,,,,,,,,,,,,,,,,,,,,,,,
,1852,,11,25,22,40,,799,,INDONESIA:  MALUKU:  BANDANAIRA,-5.25,129.75,100,8.3,9,,,,,,,,3,,3,,,60,2,,,,,,3,,3,,
,1852,,12,24,,,,804,,INDONESIA:  BANDANEIRA,-5,130.5,,7,,,,,,,,,1,,1,,,,1,,,,,,1,,2,,
,1854,,1,4,,,,815,,INDONESIA:  BANDA SEA,-3.5,128.6,,6,,,,,,,,,,,,,,,,,,,,,,,,,
,1854,,9,27,,,,827,,INDONESIA:  MALUKU:  TERNATE ISLAND,0.8,127.4,,,,,,,,,,,,,,,,,,,,,,,,,,,
,1855,,7,14,,,,,,INDONESIA:  MALUKU:  TERNATE ISLAND,0.8,127.3,,,9,34,1,,,,,,2,1,1,,2,34,1,,,,,,2,1,1,,2
,1856,,3,2,,,,859,581,INDONESIA:  SANGIHE PULAU (VOLCANIC),3.67,125.5,,,,,,,,,,,,,,,,2806,4,,,,2,,3,,3,,
,1856,,7,25,,,,861,,INDONESIA:  LOMBOK ISLAND,-8.5,116,,,,,,,,,,,,,,,,,,,,,,,,,,,
,1857,,5,13,,,,870,,"INDONESIA:  TIMOR ISLAND::  DILHI, GERA",-8,115.5,50,7,,36,1,,,,,,2,,2,,,36,1,,,,,,2,,2,,
,1857,,11,17,,,,872,,INDONESIA:  SULAWESI ISLAND:  KEMA,1.35,125.2,,,,,,,,,,,,,,,,,,,,,,,2,,3,,
,1857,,11,18,,,,873,,INDONESIA:  SULAWESI ISLAND:  KEMA,1.35,125.2,,,,,,,,,,,,,,,,,,,,,,,,,,,
,1858,,12,13,,,,879,,INDONESIA:  N. MOLUCCAS ISLANDS,1,126,,7.3,,,,,,,,,1,15,1,,,,,,,,,,3,,3,,
,1859,,6,28,,,,880,,INDONESIA:  N. MOLUCCAS ISLANDS,1,126.5,,7,,,,,,,,,,,,,,,,,,,,,,,,,
,1859,,7,20,,,,881,,INDONESIA:  LONTHOR ISLAND,-4.6,129.9,,,,,,,,,,,,,,,,,,,,,,,,,,,
,1859,,7,29,,,,882,,INDONESIA:  SULAWESI,0.009,125.5,,7.3,,,,,,,,,,,,,,,,,,,,,2,,2,,
,1859,,9,25,,,,887,,"INDONESIA:  NEIRA I, LONTHOR I",-5.5,130.5,,6.8,,,,,,,,,,,,,,,,,,,,,,,,,
,1859,,10,20,,,,892,,S. JAVA SEA,-9,111,,,,,,,,,,,,,,,,2,1,,,,,,1,,,,
,1859,,12,17,,,,895,,"INDONESIA:  SULAWESI:  MANADO, BELANG",0.9,124.9,,,,,,,,,,,,,,,,,,,,,,,,,,,
,1860,,8,,,,,901,,INDONESIA:  SULAWESI:  MINAHASSA,1.3,121,,,,,,,,,,,,,,,,,,,,,,,,,,,
,1860,,10,6,,,,902,,INDONESIA: HALMAHERA ISLAND,-1.25,128.5,,,,,,,,,,,,,,,,,,,,,,,,,,,
,1861,,2,16,,,,904,,"INDONESIA:  LAGUNDI, SIMUK, TELLO I",-1,97.5,70,8.5,9,,3,,,,,,2,,,,,1105,4,,,,,,2,,,,
,1861,,3,9,,,,907,,INDONESIA:  SW. SUMATRA,0.009,98,20,7,,,3,,,,,,2,96,2,,,950,3,,,,,,3,96,2,,
,1861,,4,26,,,,909,,INDONESIA:  SW. SUMATRA,1,97.5,70,7,,,,,,,,,,,,,,,,,,,,,,,,,
,1861,,6,17,,,,913,,INDONESIA:  SW. SUMATRA,1,97.5,,6.8,,,,,,,,,,,,,,,,,,,,,,,,,
,1861,,9,25,,,,914,,INDONESIA:  SW. SUMATRA,-1.5,100,,6.5,,,,,,,,,,,,,,,,,,,,,1,,1,,
,1863,,3,16,,,,927,,INDONESIA:  JAVA,-6.1,106.7,,,,,,,,,,,,,,,,,,,,,,,,,,,
,1863,,7,31,,,,,,INDONESIA:  JAVA:  BANYUMAS,-7.5,109.3,,,,,,,,,,,2,,3,,,,,,,,,,2,,3,,
,1864,,5,23,,,,934,,INDONESIA:   IRIAN JAYA:  MANOKWARI,-1,135,,7.8,7,,,,,,,,3,,3,,,250,3,,,,,,3,,3,,
,1865,,7,16,,,,,,INDONESIA:  JAVA:  AMBARAWA,-7.2,110.3,,,,,,,,,,,2,,,,,,,,,,,,2,,,,
,1867,,6,10,,,,5749,,"INDONESIA:  JAVA:  JOGYAKARTA, SURAKARTA",-7.8,110.4,,,9,5,1,,,,,,3,372,3,,,5,1,,,,,,3,372,3,,
,1871,,8,25,,,,1027,,INDONESIA:  GORONTALO,0.5,123,,,,,,,,,,,,,,,,,,,,,,,,,,,
,1875,,10,25,,,,,,INDONESIA:  W JAVA:  KUNINGAN,-6.9,108.3,,,8,7,1,,,,,,3,,,1001,4,7,1,,,,,,3,,,1001,4
,1876,,5,28,,,,1064,,"INDONESIA:  BURU ISLAND, CERAM SEA",-3,127.25,50,6.8,7,,,,,,,,1,,,,3,,,,,,,,1,,,,3
,1882,,10,10,,,,1135,,INDONESIA:  BANDANEIRA,-4.5,129.9,,7.5,,,,,,,,,,,,,,,,,,,,,,,,,
,1885,,4,30,,,,1153,,"INDONESIA:  BURU I, AMBON I, HARUKU I",-2.5,127.5,,7.3,,,,,,,,,1,,,,,,,,,,,,1,3,1,,
,1885,,7,29,,,,1154,,INDONESIA:  SUMATRA:  AJERBANGIS,0,99.5,,6.8,,,,,,,,,,,,,,,,,,,,,,,,,
,1885,,12,14,,,,1160,,INDONESIA:  BANDA ATJEH,5.55,95.3,,,,,,,,,,,,,,,,,,,,,,,,,,,
,1886,,1,31,,,,1162,,INDONESIA:  KOETA RADJA (ATJEH),5.6,95.3,,,,,,,,,,,,,,,,,,,,,,,,,,,
,1887,,5,19,,,,1163,,INDONESIA:  SUMATRA:  ACEH:  SIGLI,5.4,96,,,,,,,,,,,,,,,,,,,,,,,,,,,
,1888,,3,21,,,,1176,,INDONESIA:  SUMATERA:  BREUEH ISLAND,5.8,95,,,,,,,,,,,,,,,,,,,,,,,,,,,
,1889,,9,6,12,,,1181,569,INDONESIA:  N. MOLUCCAS ISLANDS,1,126.25,70,8,,,,,,,,,2,,2,,1,,,,,,,,2,,2,,1
,1889,,11,23,,,,1184,,"INDONESIA:  MADURA ISLAND, JAVA",-7,113.5,,6,,,,,,,,,,,,,,,,,,,,,,,,,
,1890,,11,23,,,,,,INDONESIA:  BANDANEIRA,-4.5,129.9,,,7,,,,,,,,2,,,,3,,,,,,,,2,,,,3
,1890,,12,12,,,,,,INDONESIA:  JAVA:  PATI,-6.76,111.04,,,8,,2,,,,,,2,,3,,,,2,,,,,,2,,3,,
,1891,,5,19,,,,1185,,INDONESIA:  SUMATRA:  ACEH:  SIGLI,5.4,96,,,,,,,,,,,,,,,,,,,,,,,,,,,
,1891,,10,5,,,,1190,,TIMOR SEA,-9,124,80,7,,,,,,,,,,,,,,,,,,,,,,,,,
,1892,,5,17,12,10,,1196,,"INDONESIA:  SUMATRA:  PADANGSIDIMPUAN, LAKE TOBA",2.5,99.5,,,6,,,,,,,,2,,3,,3,,,,,,,,2,,3,,
,1892,,11,18,,,,1199,,INDONESIA: SERAM ISLAND,-3,127.75,70,7,,,,,,,,,,,,,,,,,,,,,,,,,
,1896,,4,18,,,,,,INDONESIA:  TIMOR:  ALOR ISLAND,-8.25,124.75,,,8,250,3,,,,,,2,,3,,,250,3,,,,,,2,,3,,
,1896,,10,10,,,,1235,,"INDONESIA:  SW. SUMATRA, JAVA",-3.5,102.5,130,6.8,,,,,,,,,1,,,,1,,,,,,,,1,,,,1
,1897,,3,15,,,,1238,,INDONESIA:  KAJUADI ISLAND,-6.8,120.8,15,5.5,,,,,,,,,,,,,,,,,,,,,,,,,
,1899,,9,29,17,3,,1266,,INDONESIA:  BANDA SEA,-3,128.5,,7.8,,2460,4,,,300,3,,3,,,,,2460,4,,,300,3,,3,,,,
,1900,,1,10,,,,5459,,INDONESIA:  GALELA (HALMAHERA ISLAND),-0.03,127.25,,,,,,,,,,,,,,,,,,,,,,,,,,,
,1900,,1,14,,,,,,INDONESIA:  JAVA:  SUKABUMI,-6.84,106.96,,,7,,,,,,,,2,,,,3,,,,,,,,2,,,,3
,1900,,10,7,21,4,,1275,,INDONESIA:  NW. IRIAN JAYA,-4,140,33,6.9,,,,,,,,,,,,,,5,1,,,,,,1,1,1,,
,1903,,2,27,0,43,18,,,INDONESIA:  S OF JAVA,-8,106,,8.1,,,,,,,,,,,,,,,,,,,,,,,,,
,1903,,3,30,,,,1294,,"INDONESIA:  TIFU, MASARETE, KAJELI",-3,127.5,33,6.5,,,,,,,,,,,,,,,,,,,,,,,,,
,1904,,9,7,,,,1318,,INDONESIA:  S. JAVA,-7.7,109,,,,,,,,,,,,,,,,,,,,,,,,,,,
,1905,,1,22,2,43,54,,,INDONESIA:  MINAHASSA PENINSULA,1,123,90,8.4,,,,,,,,,,,,,,,,,,,,,,,,,
,1907,,1,4,5,19,13.2,1349,,"INDONESIA:  NW SUMATRA:  GUNUNGSITOLi, BARUS",2.681,95.53,50,8.2,,,,,,,,,3,,3,,3,2188,4,,,,,,3,,3,,
,1907,,3,29,20,46,30,1351,,INDONESIA:  TALAUD ISLANDS:  KARAKELONG ISLAND,3,122,500,7.3,,,,,,,,,,,,,,,,,,,,,,,,,
,1907,,6,25,17,54,36,,,INDONESIA:  DJAILOLO GILOLO,1,127,200,7.9,,,,,,,,,,,,,,,,,,,,,,,,,
,1907,,7,30,,,,,,"INDONESIA:  SULAWESI:  LEMO, COLO, ANJA, OLU CONGKO",-2,121,,,8,,,,,,,,2,213,3,,,,,,,,,,2,213,3,,
,1908,,2,6,,,,1367,,SW. SUMATRA,-2,100,130,7.5,,,,,,,,,,,,,,,,,,,,,,,,,
,1908,,3,23,12,20,,1369,,INDONESIA:  TIMOR,-10,129,,6.6,,,,,,,,,1,,,,,,,,,,,,1,,,,
,1908,,5,5,6,16,,,,INDONESIA:  CELEBES SEA,3,123,,7.5,,,,,,,,,,,,,,,,,,,,,,,,,
,1909,,6,3,18,40,48,1376,,"INDONESIA:  SW SUMATRA:  KERINTJI, REDJANGLEBONG",-2,101,40,7.6,,,3,,,,,,3,,3,,3,,3,,,,,,3,,3,,
,1910,,12,16,14,45,,,,INDONESIA:  TALAUD ISLANDS,4.5,126,,7.5,,,,,,,,,,,,,,,,,,,,,,,,,
,1910,,12,18,2,42,,1390,,INDONESIA:  SULAWESI-N. MOLUCCAS ISLANDS,4,127,,6.7,8,,,,,,,,1,,,,1,,,,,,,,1,,,,1
,1913,,3,14,8,45,4.3,1407,585,INDONESIA:  SANGIHE ISLAND,5.354,126.121,15,7.8,9,138,3,,,,2,,2,,3,,,138,3,,,,2,,2,,3,,
,1914,,5,26,14,22,47.7,1416,,INDONESIA:  NEW GUINEA:  IRIAN JAYA:  JAPEN,-1.829,136.943,15,8.1,9,,3,,,,,,2,,3,,,,3,,,,,,2,,3,,
,1914,,6,25,19,7,25.9,1418,,INDONESIA:  SUMATERA,-3.924,101.82,35,7.6,,20,1,,,20,1,,1,,1,,,20,1,,,20,1,,1,,1,,
,1915,,5,23,,,,1423,,INDONESIA:  KAIMANA,-3.644,133.695,,,,,,,,,,,,,,,,,,,,,,,,,,,
,1915,,11,6,,,,1430,,INDONESIA:  NW. IRIAN JAYA,-1,136,,6,,,,,,,,,,,,,,,,,,,,,,,,,
,1916,,1,13,6,18,16,,,INDONESIA:  NEW GUINEA:  IRIAN JAYA,-3,136,30,8.1,,,,,,,,,,,,,,,,,,,,,,,,,
,1916,,1,13,8,20,48,,,INDONESIA:  NEW GUINEA:  IRIAN JAYA,-3,135.5,16,8.1,,,,,,,,,,,,,,,,,,,,,,,,,
,1916,,9,11,6,36,30,,,INDONESIA:  JAVA,-9,113,100,7.3,,,,,,,,,3,340,3,,,,,,,,,,3,340,3,,
,1917,,1,20,23,11,34,1439,,INDONESIA:  BALI,-7,116,,6.6,9,1500,4,,,,,,2,,2,,,1500,4,,,,,,2,,2,,
,1917,,8,30,4,7,15,,,INDONESIA:  BANDA SEA,-7.5,128,100,7.8,,,,,,,,,,,,,,,,,,,,,,,,,
,1918,,11,18,18,41,55,,,INDONESIA:  BANDA SEA,-7,129,190,8.1,,,,,,,,,,,,,,,,,,,,,,,,,
,1919,,11,21,,,,1479,,INDONESIA:  IRIAN JAYA REGION,-2.55,140.75,,,8,,,,,,,,1,,1,,,,,,,,,,1,,1,,
,1920,,1,29,,,,1480,,INDONESIA:  N. MOLUCCAS ISLANDS,0.87,122.92,,,,,,,,,,,,,,,,,,,,,,,,,,,
,1921,,5,14,11,17,45,1489,,"INDONESIA:  SANGKULIRANG,RENDING,KARIORANG,SEKURAN",0.7,117.9,,6.2,8,,,,,,,,2,,1,,1,,,,,,,,2,,1,,1
,1921,,9,11,4,1,38,1490,,INDONESIA:  S OF JAVA,-11,111,,7.5,,,,,,,,,1,,,,,,,,,,,,1,,,,
,1921,,10,10,,,,,,INDONESIA:  NEW GUINEA:  IRIAN JAYA:  SENTANI,-2.3,138.8,,,7,,,,,,,,2,,,,,,,,,,,,2,,,,
,1922,,2,22,,,,1496,,INDONESIA:  BANDA,-3.3,128.9,,,,,,,,,,,,,,,,,,,,,,,,,,,
,1922,,4,10,,,,1500,,SW. SUMATRA,-1,100.35,,,,,,,,,,,,,,,,,,,,,,,,,,,
,1922,,7,8,,,,1502,,"LHOKNGA, ACEH",5.5,95.2,,,,,,,,,,,,,,,,,,,,,,,,,,,
,1923,,5,15,,,,,,INDONESIA:  JAVA:  MAOS,-7.7,109.2,,,9,,,,,,,,2,,,,,,,,,,,,2,,,,
,1923,,10,7,3,29,34,,,INDONESIA:  DJAILOLO GILOLO,-1.75,128.75,,7.5,,,,,,,,,,,,,,,,,,,,,,,,,
,1924,,11,12,,,,,,INDONESIA:  JAVA,-7.3,109.8,,,,60,2,,,,,,,,,,,,,,,,,,,,,,
,1924,,12,2,,,,,,INDONESIA:  JAVA:  WONOSOBO,-7.3,109.9,,,9,727,3,,,,,,3,,,,,,,,,,,,,,,,
,1925,,1,8,,,,1549,,INDONESIA:  BANDA SEA,-8,115,,,3,,,,,,,,,,,,,,,,,,,,,,,,
,1926,,6,28,3,23,25,1567,,INDONESIA:  SUMATERA,-0.7,100.6,,5.8,9,,3,,,,3,,2,,,,,,3,,,,3,,2,,,,
,1926,,7,5,,,,,,INDONESIA:  SUMATRA,-0.3,100.4,,,,,3,,,,,,2,,2,,,,3,,,,,,2,,2,,
,1926,,10,26,3,44,41,,,INDONESIA:  NEW GUINEA:  IRIAN JAYA,-3.5,138.5,,7.9,,,,,,,,,,,,,,,,,,,,,,,,,
,1926,,12,13,,,,,,"INDONESIA:  JAVA:  PRUPUK,MARGARSARI,DUBUKTENGAH",-7.1,109,,,9,,,,,,2,,3,,,,,,,,,,2,,3,,,,
,1927,,12,1,4,37,27,1587,,INDONESIA:  SULAWESI:  DONGGALA,-0.7,119.7,,6.3,7,,,,,,,,2,,2,,,50,1,,,50,1,,3,,3,,
,1930,,6,19,13,7,27,1625,,JAVA-S. JAVA SEA,-5.6,105.3,33,6,,,,,,,,,,,,,,,,,,,,,,,,,
,1930,,7,19,15,20,12,1626,,S. JAVA SEA,-9.3,114.3,100,6.5,,,,,,,,,,,,,,,,,,,,,,,,,
,1930,,9,11,,,,1629,,INDONESIA:  AMURANG ISLAND,1.2,124.57,,,4,,,,,,,,,,,,,,,,,,,,,,,,
,1931,,9,25,5,59,44,1644,,SW. SUMATRA,-5,102.75,,7.4,8,,,,,,,,1,,,,,,,,,,,,1,,,,
,1932,,5,14,13,11,0,,,"INDONESIA:  SULAWESI:  KAKAS,LANGOWAN,POSO,TONDANO",0.5,126,,7.4,7,6,1,,,115,2,,3,592,3,,,6,1,,,115,2,,3,592,3,,
,1932,,9,9,13,38,52,1653,,"INDONESIA:  AMBON ISLAND, CERAM ISLAND",-3.57,128.35,17,,7,,,,,,,,3,73,2,,3,,,,,,,,2,73,2,,3
,1933,,6,24,21,54,48.8,,,INDONESIA:  S SUMATERA,-5.151,104.528,20,7.5,,,,,,,,,,,,,,,,,,,,,,,,,
,1933,,6,25,5,43,22,,,INDONESIA:  S SUMATERA,-5.007,104.501,20,5.8,9,,1,,,,,,2,,,,,,1,,,,,,2,,,,
,1935,,11,25,10,3,3,1688,,INDONESIA:  CELEBES SEA,5.5,94,,6.5,,,,,,,,,,,,,,,,,,,,,,,,,
,1935,,12,28,2,35,22,1689,,"INDONESIA:  N SUMATERA:  BATU I,PADANG,SIBOLGA",0,98.25,33,7.9,8,,,,,,1,,2,,2,,,,,,,,1,,2,,2,,
,1936,,4,1,2,9,15,1690,,INDONESIA:  TALAUD ISLANDS,4.5,126.5,60,7.7,9,,,,,3,1,,2,169,3,,,,,,,3,1,,2,169,3,,
,1936,,8,23,21,12,13,1692,,"INDONESIA:  BANDA ACEH,LHOK SUKON,LHOKSEMAWE",6.1,94.7,,7.3,8,9,1,,,20,1,,2,,,,,9,1,,,20,1,,2,,,,
,1936,,9,9,,,,,,"INDONESIA:  N SUMATERA:  TAPANULI, KARO",3.5,97.5,,,8,17,1,,,,,,2,,,,,17,1,,,,,,2,,,,
,1937,,9,27,8,55,10,,,"INDONESIA:  JAVA:  JOGYAKARTA:  KLUMPIT,PRAMBANAN",-9.4,110.2,70,7.2,9,1,1,,,,,,3,326,3,2200,4,1,1,,,,,,3,326,3,2200,4
,1937,,11,6,,,,1703,,INDONESIA:  NEW GUINEA:  FAKFAK,-3,132.3,33,,,,,,,,,,,,,,,,,,,,,,,,,,
,1938,,2,1,19,4,27.9,1704,,INDONESIA:  NEW GUINEA,-5.041,131.579,60,8.5,,,,,,,,,,,,,,,,,,,,,2,24,1,8,1
,1938,,2,13,,,,1705,,INDONESIA:  NEW GUINEA:  FAKFAK,-3,132.3,,,,,,,,,,,1,,,,,,,,,,,,1,,,,
,1938,,5,19,17,8,21,1710,,INDONESIA:  SULAWESI ISLAND,-1,120,,7.6,9,,,,,,,,3,942,3,184,3,17,1,,,,,,3,942,3,184,3
,1939,,12,21,21,0,40,1738,,"INDONESIA:  CENTRTAL SULAWESI:  KALO,LUWUK,SULA I",0,123,150,8,,,,,,,,,2,,3,,,,,,,,,,2,,3,,
,1942,,5,28,1,1,48,,,INDONESIA:  MINAHASSA PENINSULA,0,124,120,7.5,,,,,,,,,,,,,,,,,,,,,,,,,
,1943,,6,9,3,6,22,,,INDONESIA:  S SUMATERA,-1,101,50,7.6,,,,,,,,,,,,,,,,,,,,,,,,,
,1943,,7,23,14,53,9,,,INDONESIA:   JAVA:  JOGYAKARTA,-9.5,110,90,8.1,8,213,3,,,2096,4,,3,,,2800,4,213,3,,,2096,4,,3,,,2800,4
,1943,,11,6,8,31,37,,,INDONESIA:  NEW GUINEA:  IRIAN JAYA:  ARU ISLANDS,-6,134.5,60,7.6,,,,,,,,,,,,,,,,,,,,,,,,,
,1944,,3,22,0,43,18,,,INDONESIA:  FLORES,-8.5,123.5,220,7.5,,,,,,,,,,,,,,,,,,,,,,,,,
,1948,,3,1,1,12,28,,,INDONESIA:  SERAM,-3,127.5,60,7.9,,,,,,,,,,,,,,,,,,,,,,,,,
,1948,,6,2,18,58,18,1783,,INDONESIA:  OFF NORTHWEST COAST,6,95,,6.2,,,,,,,,,,,,,,,,,,,,,,,,,
,1949,,5,9,13,36,18,1793,,INDONESIA:  BANDA ACEH,5,95,,6.7,,,,,,,,,,,,,,,,,,,,,,,,,
,1950,,6,19,12,36,54,,,INDONESIA:  JAVA:  GRESIK,-6,113,,6.5,7,16,1,,,50,1,,1,50,1,,,16,1,,,50,1,,1,50,1,,
,1950,,10,8,3,23,9,1809,,INDONESIA:  SERAM,-3.8,128.3,60,7.6,,,,,,,,,,,,,,1,1,,,,,,3,,3,,3
,1950,,11,2,15,27,56,,,INDONESIA:  BANDA SEA,-6.5,129.5,60,8.1,,,,,,,,,,,,,,,,,,,,,,,,,
,1954,,11,2,8,24,54,,,"INDONESIA:  SUMABAWA:  BIMA,RABA",-8,119,,6.8,8,,,,,,,,1,,,,2,,,,,,,,1,,,,2
,1956,,7,18,6,19,35,,,INDONESIA:  BANDA SEA,-5.5,130,190,7.5,,,,,,,,,,,,,,,,,,,,,,,,,
,1957,,4,16,4,4,4,,,INDONESIA:  JAVA SEA,-4.6,107.1,600,7.5,,,,,,,,,,,,,,,,,,,,,,,,,
,1957,,6,22,23,50,23,1869,,INDONESIA:  NEW GUINEA:  IRIAN JAYA,-1.5,137,33,7.3,,,,,,,,,3,,,,,,,,,,,,3,,,,
,1957,,9,26,,,,1872,,S. JAVA SEA,-8.2,107.3,,,,,,,,,,,,,,,,,,,,,,,,,,,
,1957,,10,26,14,16,57,1873,,INDONESIA:  KALIMANTAN ISLAND,-2,116,,6,,,,,,,,,,,,,,,,,,,,,,,,,
,1958,,4,21,22,37,36,1879,,INDONESIA:  SUMATRA:  BENGKULU,-4.5,104,200,6.7,,,,,,,,,,,,,,,,,,,,,,,,,
,1958,,10,20,1,12,37,,,INDONESIA:  JAVA:  MALANG,-9.5,112.5,100,6.7,8,8,1,,,1856,4,,2,95,2,206,3,8,1,,,1856,4,,2,95,2,206,3
,1960,14.586,4,29,9,16,20,,,INDONESIA:  CENTRAL SULAWESI:  UNA-UNA ISLAND,-0.5,121.5,,,8,,,,,,,,2,50,1,,,,,,,,,,2,50,1,,
,1961,14.821,3,16,13,45,35.6,,,INDONESIA:  FLORES:  ENDEH,-8.2,122,74,6.5,8,2,1,,,6,1,,2,,,,,2,1,,,6,1,,2,,,,
,1963,15.299,5,18,12,20,34.4,,353,INDONESIA:  BALI,-8.2,115.6,65,6,,,,,,,,,,,,,,,,,,,,,,,,,
,1963,15.299,11,4,1,17,11.4,,,INDONESIA:  BANDA SEA,-6.86,129.58,100,8.3,,,,,,,,,1,,,,,,,,,,,,1,,,,
,1963,15.299,12,16,1,51,31,1949,,"INDONESIA:  JAVA:  LABUHAN, MENES, PONOROGO",-6.4,105.4,64,6.6,,,,,,,,,1,,,,1,,,,,,,,1,,,,1
,1964,15.543,1,8,22,30,49.7,,,INDONESIA:  SULAWESI:  PINRANG,-3.7,119.4,90,5.2,,8,1,,,27,1,,2,,,,,8,1,,,27,1,,2,,,,
,1964,15.543,4,2,1,11,51,1956,,INDONESIA:  BANDA ACEH,5.9,95.7,130,7,7,,,,,,,,3,,3,,,,,,,,,,3,,3,,
,1965,15.789,1,24,0,11,12.1,1963,,INDONESIA:  SANANA ISLAND,-2.4,126.1,6,7.6,,71,2,,,,,,2,3000,4,,,71,2,,,,,,2,3000,4,,
,1967,16.293,2,19,22,14,35.3,,,"INDONESIA:  JAVA:  DAMPIT,GONDANG,TRENGGALEK",-9.2,113.1,80,6.8,9,54,2,,,300,3,,3,2000,4,5000,4,54,2,,,300,3,,3,2000,4,5000,4
,1967,16.293,4,11,5,9,12.1,1987,,INDONESIA:  MAKASSAR STRAIT,-3.7,119.3,33,5.5,8,58,2,,,100,2,,2,,2,,,71,2,,,100,2,,2,,2,,
,1967,16.293,4,12,4,51,50.2,1988,,"INDONESIA-MALAYSIA:  N SUMATERA,MALAY PENINSULA",5.5,97.3,100,6.1,,14,1,,,,,,3,2000,4,,,14,1,,,,,,3,2000,4,,
,1968,16.549,5,28,13,27,18.7,,,INDONESIA:  NEW GUINEA:  IRIAN JAYA,-2.9,139.3,65,7.7,,,,,,,,,,,,,,,,,,,,,,,,,
,1968,16.549,8,10,2,7,4.3,2006,,"INDONESIA:  MOLUCCA ISLANDS: MANADO, CELEBES",1.4,126.2,25,7.6,,,,,,,,,1,,,,,,,,,,,,1,,,,
,1968,16.549,8,14,22,14,19.4,2007,,"INDONESIA:  SULAWESI:  TAMBU,COAST OF MAPAGA",0.2,119.8,23,7.4,8,,,,,,,,,,,,,200,3,,,58,2,,3,800,3,,
,1969,16.809,1,30,10,29,40.4,,,"INDONESIA:  TALAUD ISLANDS, MINDANAO, VISAYAN",4.8,127.4,70,7.5,,,,,,,,,,,,,,,,,,,,,,,,,
,1969,16.809,2,23,0,36,58.9,2011,,"INDONESIA:  SULAWESI:  PARASANGA, PALETOANG",-3.201,118.904,15,7,8,64,2,,,97,2,,3,1287,4,,,664,3,,,97,2,,3,1287,4,,
,1969,16.809,11,21,2,5,35,,,INDONESIA:  OFF NW COAST SUMATERA,2.1,94.6,20,7.7,,,,,,,,,,,,,,,,,,,,,,,,,
,1971,17.338,1,10,7,17,3.7,,,"INDONESIA:  NEW GUINEA: IRIAN JAYA:DJAJAPURA,SENTANI",-3.1,139.7,34,8.1,9,,,,,,,,2,,1,,2,,,,,,,,2,,1,,2
,1971,17.338,2,4,15,33,28.6,,,"INDONESIA:  NATAL, SIBOLGA, TARUTUNG, PASAMAN",0.6,98.8,40,7.1,6,,,,,,,,2,,,,,,,,,,,,2,,,,
,1971,17.338,6,16,14,44,22.5,,,"INDONESIA:  JAVA:  BUARAN,BANTAR KAWSUN,JIPANG",-7.2,109.1,35,5.2,,1,1,,,6,1,,3,,,1377,4,1,1,,,6,1,,3,,,1377,4
,1972,17.779,6,11,16,41,0.9,,,INDONESIA:  CELEBES SEA,3.9,124.3,325,7.8,,,,,,,,,,,,,,,,,,,,,,,,,
,1975,19.317,1,15,9,42,24,2072,,INDONESIA:  MALUKU:  BANDANAIRA,-5,130,,5.9,7,,,,,,,,2,81,2,6,1,,,,,,,,2,81,2,6,1
,1975,19.317,2,9,4,45,24.5,,,INDONESIA:  JAVA,-6.7,106.7,27,5.6,8,1,1,,,,,,2,,,,,1,1,,,,,,2,,,,
,1976,19.853,6,25,19,18,56.9,,,INDONESIA:  NEW GUINEA:  IRIAN JAYA,-4.603,140.091,33,7.1,,6000,4,,,,,,3,,,,,6000,4,,,,,,3,,,,
,1976,19.853,7,14,7,13,24,,,INDONESIA:  BALI,-8.17,114.888,40,6.5,,573,3,,,4755,4,195,4,,,,,573,3,,,4755,4,195,4,,,,
,1976,19.853,10,29,2,51,7.6,,,INDONESIA:  NEW GUINEA:  IRIAN JAYA:  JAYAWIJAYA,-4.517,139.918,33,7.1,8,133,3,,,,,,1,,,,1,133,3,,,,,,1,,,,1
,1977,20.398,1,26,13,11,29.8,,,"INDONESIA:  BALI: KAYUBIHI,BANJAR ANTUGAN JEHEM",-8.22,115.19,33,5.2,6,,,,,,,,1,,,,,,,,,,,,,,,,
,1977,20.398,3,8,23,17,28,,,"INDONESIA:  SUMATERA,SINURAT,TALU",0.45,100.02,22,6,8,,,,,,,,1,,,,,,,,,,,,,,,,
,1977,20.398,8,19,6,8,55.2,2092,,INDONESIA:  SUNDA ISLANDS,-11.085,118.464,33,8,,,,,,,,,1,,,,,189,3,,,75,2,1.2,2,,,,
,1979,21.524,5,21,16,31,5.2,,,INDONESIA:  BALI,-8.299,115.934,43,5.4,,,,,,,,,3,,,,,,,,,,,,,,,,
,1979,21.524,5,30,9,38,52.9,,,INDONESIA:  SUMBAWA ISLAND,-8.207,115.949,25,5.8,,22,1,,,,,4.15,2,,,,,22,1,,,,,4.15,2,,,,
,1979,21.524,9,12,5,17,51.4,2119,,INDONESIA:  NEW GUINEA:  IRIAN JAYA,-1.679,136.04,5,7.9,,15,1,,,,3,,3,1000,3,,,115,3,,,,3,,3,1000,3,,
,1979,21.524,10,20,1,41,10.4,,,INDONESIA:  SUMBAWA ISLAND,-8.254,115.847,38,6.2,,2,1,,,40,1,,2,,,,,2,1,,,40,1,,2,,,,
,1979,21.524,11,2,15,53,3.5,,,INDONESIA:  JAVA,-7.656,108.252,62,6.1,,30,1,,,200,3,16,3,,,,,30,1,,,200,3,16,3,,,,
,1979,21.524,12,15,0,2,41.6,,,INDONESIA:  S SUMATERA,-3.299,102.712,33,6.6,,8,1,,,162,3,,2,2500,4,,,8,1,,,162,3,,3,2500,4,,
,1979,21.524,12,17,19,58,23.8,,,"INDONESIA:  SUMBAWA ISLAND:  BALI, LOMBOK",-8.39,115.889,33,6.3,,27,1,,,200,3,,2,,,,,27,1,,,200,3,,,,,,
,1980,22.104,4,16,12,18,20.6,,,INDONESIA:  JAVA:  TASIKMALAJA,-8.082,108.793,84,5.8,,,,,,,,,2,,,,,,,,,,,,2,,,,
,1981,22.815,1,19,15,11,1,,,INDONESIA:  NEW GUINEA:  IRIAN JAYA: JAYAWIJAYA MTS,-4.576,139.232,33,6.7,,305,3,,,,2,5,2,,,,,305,3,,,,2,5,2,,,,
,1982,23.606,2,10,16,17,51.5,,,"INDONESIA:  JAVA, SUKABUMI",-6.863,106.936,40,5.5,,,,,,17,1,3.5,2,,,,,,,,,17,1,3.5,2,,,,
,1982,23.606,2,24,4,22,40.3,2134,,INDONESIA:  NORTHERN SUMATERA,4.374,97.755,52,5.4,,,,,,,,,,,,,,,,,,,,,,,,,
,1982,23.606,3,11,10,32,27.7,2343,,INDONESIA:  SUMBAWA ISLAND REGION,-9.265,118.479,33,6.4,,,,,,,,,,,,,,,,,,,,,,,,,
,1982,23.606,8,6,20,40,52.2,,,INDONESIA:  FLORES ISLANDS:  RUTENG,-8.375,120.577,46,5.6,,,,,,,,,2,,,,,,,,,,,,2,,,,
,1982,23.606,12,25,12,28,2.8,2689,,INDONESIA:  FLORES ISLAND:  EASTERN,-8.405,123.08,33,5.9,,13,1,,,390,3,1.45,2,1875,4,,,13,1,,,390,3,1.45,2,1875,4,,
,1983,24.415,3,12,1,36,35.8,2140,,INDONESIA:  BANDA SEA,-4.056,127.924,17,6.5,,,,,,,,,1,,,,,,,,,,,,1,,,,
,1983,24.415,4,4,2,51,34.3,,,INDONESIA:  SUMATERA:  BANDA ACEH,5.723,94.722,79,6.6,7,,1,,,100,2,1,2,,,,,,1,,,100,2,1,2,,,,
,1983,24.415,10,16,5,32,28.7,,,INDONESIA:  CELEBES:  MINAHASSA:  TOLITOLI,1.084,121.052,40,6,,,,,,,,,2,20,1,15,1,,,,,,,,2,20,1,15,1
,1983,24.415,10,25,0,36,23.4,,,INDONESIA:  CENTRAL SULAWESI,1.131,120.858,33,6.1,7,2,1,,,4,1,,2,20,1,4,1,2,1,,,4,1,,2,20,1,4,1
,1984,25.244,1,8,15,24,13.5,2151,,INDONESIA:  SULAWESI:  W,-2.823,118.806,33,6.6,7,2,1,,,89,2,0.5,1,,,685,3,2,1,,,89,2,0.5,1,,,685,3
,1984,25.244,8,27,6,41,26.2,,,INDONESIA:  N SUMATERA:  TARUTUNG,1.761,99.075,33,5.2,,,,,,123,3,1,2,415,3,,,,,,,123,3,1,2,415,3,,
,1985,26.089,4,13,1,6,0.1,2160,,"INDONESIA:  DENPASAR, BALI",-9.245,114.185,99,6.2,,,,,,,,,2,,2,,,,,,,,,,2,,2,,
,1985,26.089,9,15,2,42,54.8,,,INDONESIA:  NEW GUINEA:  IRIAN JAYA:  ENAROTALI,-4.13,136.049,10,6.3,,10,1,,,7,1,,2,,,,,10,1,,,7,1,,2,,,,
,1985,26.089,11,17,9,40,21.2,,,INDONESIA:  NEW GUINEA:  IRIAN JAYA:  MANOKWARI,-1.639,134.911,10,7.1,8,,,,,,,,1,,,,,,,,,,,,1,,,,
,1986,26.953,1,29,11,56,34.6,,,"INDONESIA:  SUMATERA:  S, HAHAT, MUARAENIM",-3.904,103.461,33,5,,,,,,2,1,,3,,,,,,,,,2,1,,3,,,,
,1987,26.953,4,25,19,22,7.2,,,"INDONESIA:  SUMATERA:  N, TARUTUNG-LAKE TOBA,",2.244,98.866,11,6.6,,2,1,,,22,1,1,2,300,3,,,2,1,,,22,1,1,2,300,3,,
,1987,26.953,11,26,1,43,14,2178,4663,"INDONESIA:  TIMOR:  PANTAR, MOUNT SIRUNG",-8.247,124.155,33,6.5,,125,3,,,108,3,5,2,237,3,,,125,3,,,108,3,5,2,237,3,,
,1989,29.651,3,8,11,44,32.3,,,"INDONESIA:  MOLUCCA PASSAGE:  MOROTAI, TANAWANGU",1.031,126.189,32,5.6,,,,,,,,,3,,,,,,,,,,,,,,,,
,1989,29.651,7,14,20,42,40,,,INDONESIA:  TIMOR:  ALOR,-8.081,125.129,10,6.2,,,,,,,,,2,,,,,,,,,,,,,,,,
,1989,29.651,8,1,0,18,4.8,,,"INDONESIA:  KURIMA DISTRICT, BALIEM RIVER",-4.511,139.022,14,5.8,,120,3,,,125,3,1,2,,,,,120,3,,,125,3,1,2,,,,
,1989,29.651,9,4,5,20,55.9,,,INDONESIA:  TEMBAGAPURA,-4.219,136.667,9,6,,,,,,,,,2,,,,,,,,,,,,2,,,,
,1990,30.584,4,18,13,39,19,,,INDONESIA:  MINAHASSA PENINSULA: BOLAANG-GORONTALO,1.186,122.857,26,7.6,,3,1,,,25,1,,3,,,1140,4,3,1,,,25,1,,3,,,1140,4
,1990,30.584,7,6,0,16,20.4,,,"INDONESIA:  JAVA:  W, KUNINGAN, MAJALENGA",-6.904,108.12,14,4.8,,,,,,103,3,,3,10300,4,,,,,,,103,3,,3,10300,4,,
,1990,30.584,11,15,2,34,32.4,,,"INDONESIA:   N SUMATERA, BLANGKEJEREN, KUTACANE",3.908,97.457,48,6.8,,1,1,,,32,1,2.1,2,,,,,1,1,,,32,1,2.1,2,,,,
,1991,31.613,6,20,5,18,52.5,,,"INDONESIA:  MINAHASSA:  GORONTALO, MAMADO",1.196,122.787,31,7.5,6,,,,,,,,3,,,1500,4,,,,,,,,3,,,1500,4
,1991,31.613,7,4,11,43,10.4,,,"INDONESIA:  TIMOR:  KALABAHI, DILI",-8.099,124.681,29,6.5,,28,1,,,181,3,7.7,3,1150,4,,,28,1,,,181,3,7.7,3,1150,4,,
,1992,32.703,2,4,1,58,39.7,,,"INDONESIA:  JAWA, BREBES",-7.138,109.067,58,4.4,,,,,,1,1,,3,800,3,700,3,,,,,1,1,,3,800,3,700,3
,1992,32.703,12,12,5,29,26.3,2214,,"INDONESIA:  FLORES REGION, MAUMERE, BABI",-8.48,121.896,28,7.8,11,1000,4,,,500,3,100,4,31785,4,,,2500,4,,,2103,4,100,4,31785,4,,
,1994,34.933,1,21,2,24,29.9,2224,,INDONESIA:  KAU,1.015,127.733,20,7,,9,1,,,300,3,,2,,,550,3,9,1,,,300,3,,2,,,550,3
,1994,34.933,2,15,17,7,43.8,,,"INDONESIA:  SOUTHERN SUMATERA, LIWA, LAMPUNG",-4.967,104.302,23,6.9,,207,3,,,2000,4,170.476,4,6000,4,,,207,3,,,2000,4,170.476,4,6000,4,,
,1994,34.933,6,2,18,17,34,2227,,INDONESIA:  JAVA,-10.477,112.835,18,7.8,,,1,,,,,,1,,,,,238,3,,,423,3,2.2,2,1500,4,,
,1994,34.933,6,3,21,6,59.8,2592,,INDONESIA:  JAVA,-10.362,112.892,26,6.6,,,,,,,,,,,,,,,,,,,,,,,,,
,1994,34.933,6,4,0,57,50.6,5576,,INDONESIA:  JAVA,-10.777,113.366,11,6.5,,,,,,,,,,,,,,,,,,,,,,,,,
,1994,34.933,6,5,1,45,2.7,2593,,INDONESIA:  JAVA,-10.341,113.369,17,6.1,,,,,,,,,,,,,,,,,,,,,,,,,
,1994,34.933,10,8,21,44,7.2,2231,,INDONESIA:  HALMAHERA,-1.258,127.98,17,6.8,,1,1,,,52,2,,2,,,500,3,1,1,,,52,2,,2,,,500,3
,1995,36.076,3,19,23,53,14.9,,,INDONESIA:  IRIAN JAYA REGION,-4.183,135.109,33,6.9,,,,,,,,,1,,,,1,,,,,,,,1,,,,1
,1995,36.076,5,14,11,33,21.1,2245,,"INDONESIA:  TIMOR, DILI, MALIANA, MAUBARA",-8.452,125.049,13,6.9,7,,,,,,,,,,,,,11,1,,,19,1,,1,,2,,
,1995,36.076,10,6,18,9,45.9,,,"INDONESIA:  SUMATERA, JAMBI PROVINCE",-2.045,101.436,33,6.8,,84,2,,,1868,4,,4,17600,4,,,84,2,,,1868,4,,4,17600,4,,
,1996,37.235,1,1,8,5,10.8,2259,,"INDONESIA:  SULAWESI: MINAHASSA PENINSULA, TOLITOLI",0.729,119.931,24,7.9,6,,,,,,,,1,,,,,9,1,,,63,2,1.2,2,400,3,,
,1996,37.235,2,17,5,59,30.5,2260,,"INDONESIA:  NEW GUINEA:  IRIAN JAYA:  BIAK, SUPIORI",-0.891,136.952,33,8.2,9,54,2,,,423,3,4.2,2,5043,4,,,164,3,,,423,3,4.2,2,5043,4,,
,1997,38.406,8,20,7,15,15.9,,,"INDONESIA:  N. SUMATERA, ACEH, BANDA ACEH, MEDAN",4.358,96.494,33,6,,,,,,,,,2,,3,,,,,,,,,,2,,3,,
,1997,38.406,9,28,1,38,28.6,,,"INDONESIA:  SULAWESI, PAREPARE",-3.776,119.727,33,5.9,,20,1,,,300,3,1.1,2,650,3,,,20,1,,,300,3,1.1,2,650,3,,
,1997,38.406,11,25,12,14,33.6,,,"INDONESIA:  SULAWESI:  MINAHASSA PENINSULA,GORONTALO",1.241,122.536,24,7,,,,,,,,,1,,,,,,,,,,,,,,,,
,1998,39.593,9,28,13,34,30.4,,,"INDONESIA:  JAWA, MALANG, BLITAR, BANTUR",-8.194,112.413,152,6.6,,1,1,,,,,,1,38,1,62,2,1,1,,,,,,1,38,1,62,2
,1998,39.593,11,29,14,10,31.9,2588,,"INDONESIA:  MANGOLE, MANADO, TALIABU",-2.071,124.891,33,7.7,7,41,1,,,107,3,200,4,1000,3,,,41,1,,,107,3,200,4,1000,3,,
,1999,40.792,12,21,14,14,57.6,,,"INDONESIA:  PANDEGLANG, W JAWA, SE SUMATERA",-6.845,105.555,56,6.5,,5,1,,,220,3,3.9,2,,,2800,4,5,1,,,220,3,3.9,2,,,2800,4
,2000,42.002,5,4,4,21,16.2,2338,,"INDONESIA:  SULAWESI:  LUWUK, BANGGAI, PELENG,",-1.105,123.573,26,7.6,,54,2,,,264,3,30,4,23000,4,,,54,2,,,264,3,30,4,23000,4,,
,2000,42.002,6,4,16,28,26.1,,,"INDONESIA:  SUMATRA:  BENGKULU, ENGGANO",-4.721,102.087,33,7.9,6,103,3,,,2174,4,6,3,,,,,103,3,,,2174,4,6,3,,,,
,2000,42.002,6,7,23,45,26.6,,,INDONESIA:  SOUTHERN SUMATERA:  LAHAT,-4.612,101.905,33,6.7,,1,1,,,,,,2,,,600,3,1,1,,,,,,2,,,600,3
,2000,42.002,7,12,1,10,42.6,,,"INDONESIA: JAWA:BANDUNG,CIBADAK,CIMANDIRI,KADUDAMPIT",-6.675,106.845,33,5.4,,,,,,6,1,,2,,,225,3,,,,,6,1,,2,,,225,3
,2001,42.783,10,19,3,28,44.4,,,INDONESIA:  BANDA SEA,-4.102,123.907,33,7.5,,,,,,,,,,,,,,,,,,,,,,,,,
,2002,43.568,8,15,5,30,26.2,,,INDONESIA:   SULAWESI:  TOJO,-1.196,121.333,10,6.2,,48,1,,,,,,2,,,200,3,48,1,,,,,,2,,,200,3
,2002,43.568,9,20,15,43,35.4,,,INDONESIA:  NEW GUINEA:  IRIAN JAYA:  RANSIKI,-1.68,134.234,10,6.4,,,,,,,,,1,,,31,1,,,,,,,,1,,,31,1
,2002,43.568,10,10,10,50,20.5,2400,,"INDONESIA: NEW GUINEA: MANOKWARI, ORANSBARI, RANSIKI",-1.757,134.297,10,7.6,,8,1,,,632,3,,3,1000,3,900,3,8,1,,,632,3,,3,1000,3,900,3
,2002,43.568,11,2,1,26,10.7,,,INDONESIA:  SUMATERA:  SIMEULUE,2.824,96.085,30,7.3,,3,1,,,65,2,,3,,,994,3,3,1,,,65,2,,3,,,994,3
,2003,44.356,1,23,0,8,22.8,,,INDONESIA:  SUMBAWA ISLAND:  DOMPU,-8.807,118.524,33,5.5,6,,,,,2,1,,2,,,500,3,,,,,2,1,,2,,,500,3
,2003,44.356,3,21,11,38,20,,,"INDONESIA:  JAVA:  CARACAS, CILIMUS, SAMPORA",-6.983,108.468,33,4.6,,,,,,,,,2,,,,,,,,,,,,2,,,800,3
,2003,44.356,3,25,2,53,25,,,INDONESIA:  FLORES:  REO,-8.294,120.743,33,6.5,,4,1,,,20,1,,1,,,,2,4,1,,,20,1,,1,,,,2
,2003,44.356,5,26,19,23,27.9,,,"INDONESIA:  MOROTAI, BEREBERE, DARUBA",2.354,128.855,31,7,,1,1,,,7,1,,1,28,1,20,1,1,1,,,7,1,,1,28,1,20,1
,2003,44.356,8,11,0,19,9.2,,,INDONESIA:  HALMAHERA:  WASILE,1.142,128.152,10,6,,,,,,,,,2,,,200,3,,,,,,,,2,,,200,3
,2003,44.356,12,5,23,41,27.4,,,"INDONESIA:  FLORES, RUTENG",-8.137,120.524,33,4.9,,,,,,,,,1,,,,1,,,,,,,,1,,,,1
,2004,45.149,1,1,20,59,31.9,,,"INDONESIA:  BALI, LOMBOK",-8.31,115.788,45,5.8,6,1,1,,,29,1,12,3,6000,4,,,1,1,,,29,1,12,3,6000,4,,
,2004,45.149,1,28,22,15,30.7,2434,,INDONESIA:  SERAM,-3.12,127.4,17,6.7,,,,,,,,,,,,,,,,,,,,,,,,,
,2004,45.149,2,5,21,5,2.8,,,INDONESIA:  NABIRE,-3.615,135.538,17,7,,37,1,,,682,3,1,2,2678,4,,,37,1,,,682,3,1,2,2678,4,,
,2004,45.149,2,7,2,42,35.2,,,INDONESIA:  NABIRE,-4.003,135.023,10,7.3,,,,,,,,,1,,,,,,,,,,,,1,,,,
,2004,45.149,2,16,14,44,39.9,,,INDONESIA:  SUMATRA:  PADANGPANJANG,-0.466,100.655,56,5.1,,5,1,,,7,1,,1,,,,,5,1,,,7,1,,,,,100,2
,2004,45.149,2,22,6,46,27,,,INDONESIA:  SUMATRA:  PESISIR SELATAN,-1.559,100.488,42,6,,,,,,1,1,,1,,,,,,,,,1,1,,1,,,,3
,2004,45.149,4,9,1,55,50.7,,,INDONESIA:  SUMATRA:  PADANG,-1.549,100.54,66,5.4,,,,,,,,,1,,,,,,,,,,,,1,,,,1
,2004,45.149,4,16,18,32,24,,,INDONESIA:  BALI,-8.669,114.65,96,5.5,,,,,,,,,1,,,,1,,,,,,,,1,,,,1
,2004,45.149,4,23,1,50,30.2,,,INDONESIA:  TIMOR: KUPANG,-9.362,122.839,66,6.7,,,,,,,,,1,,,,,,,,,,,,1,,,,
,2004,45.149,11,11,21,26,41.1,3013,,INDONESIA:  KEPULAUAN ALOR,-8.152,124.868,10,7.5,,34,1,,,400,3,,3,781,3,16712,4,34,1,,,400,3,,3,781,3,16712,4
,2004,45.149,11,26,2,25,3.3,,,INDONESIA:  NABIRE,-3.609,135.404,10,7.1,8,32,1,,,130,3,55,4,328,3,,,32,1,,,130,3,55,4,328,3,,
,2004,45.149,12,26,0,58,53.4,2439,,INDONESIA:  SUMATRA:  ACEH:  OFF WEST COAST,3.316,95.854,30,9.1,,1001,4,,,,3,10000,4,,3,,3,227899,4,,,,3,10000,4,,4,,4
,2005,45.942,1,23,20,10,12.1,,,INDONESIA:  SULAWESI:  PALU,-1.198,119.933,11,6.3,,1,1,,,4,1,,2,,,,,1,1,,,4,1,,2,,,,
,2005,45.942,2,2,5,55,18.2,,,INDONESIA:  JAVA:  GARUT,-7.037,107.819,15,4.8,,1,1,,,,2,,2,,2,,2,1,1,,,,2,,2,,2,,
,2005,45.942,3,28,16,9,36.5,2487,,INDONESIA:  SUMATERA:  SW,2.085,97.108,30,8.6,,1303,4,,,340,3,,4,300,3,300,3,1313,4,,,340,3,,4,300,3,,
,2005,45.942,4,10,10,29,11.2,2507,,INDONESIA:  PADANG,-1.644,99.607,19,6.7,5,,,,,,,,,,,,,,,,,,,,,,,,
,2005,45.942,7,5,1,52,2.9,,,INDONESIA:  SUMATRA:  NIAS ISLAND:  GUNUNGSITOLI,1.819,97.082,21,6.7,,,,,,,,,1,,,,,,,,,,,,1,,,,
,2005,45.942,7,9,23,59,17,,,INDONESIA:  SULAWESI:  DONGGALA,-1.174,119.963,32,5.9,,,,,,,,,1,6,1,6,1,,,,,,,,1,6,1,,
,2005,45.942,7,18,2,4,59.8,,,INDONESIA:  TIMOR:  TIMOR TENGAH UTARA,-9.948,124.48,10,5.3,,,,,,,,,1,,1,,1,,,,,,,,1,,1,,
,2006,46.738,1,27,16,58,53.6,,,INDONESIA:  BANDA SEA,-5.473,128.131,397,7.6,,,,,,,,,,,,,,,,,,,,,,,,,
,2006,46.738,3,14,6,57,33.8,2875,,INDONESIA:  SERAM,-3.595,127.214,30,6.7,,,,,,,,,2,241,3,,,4,1,,,,,,2,241,3,,
,2006,46.738,3,28,8,35,43.3,,,INDONESIA:  N. SUMATRA: TAPAKTUAN,3.462,97.224,30,5,,,,,,,,,1,,,,,,,,,,,,1,,,,
,2006,46.738,5,12,8,16,56.5,,,INDONESIA:  SUMATRA:  KALIANDAK,-5.575,105.395,17,5.5,,,,,,,,,1,,2,,2,,,,,,,,1,,2,,
,2006,46.738,5,26,22,53,58.9,,,"INDONESIA:   JAVA:  BANTUL, YOGYAKARTA",-7.961,110.446,13,6.3,,5749,4,,,38568,4,3100,4,127000,4,127000,4,5749,4,,,38568,4,3100,4,127000,4,,
,2006,46.738,7,17,8,19,25,2832,,INDONESIA:  JAVA,-9.254,107.411,34,7.7,,,,,,,,,,,,,,802,3,,,498,3,55,4,1623,4,,
,2006,46.738,11,24,6,33,26.4,,,INDONESIA:  SULAWESI: PINRANG,-3.728,119.233,31,5.2,,,,,,,,,1,,,,,,,,,,,,1,,,,
,2006,46.738,11,29,1,32,17.9,,,INDONESIA:  HALMAHERA:  MOROTAI,2.52,128.283,39,6.2,,,,,,,,,2,50,1,,,,,,,,,,2,50,1,,
,2006,46.738,12,1,14,1,47.5,,,INDONESIA:  SUMABAWA:  BIMA,-8.251,118.777,43,6.3,,1,1,,,14,1,,1,20,1,,,1,1,,,14,1,,1,20,1,,
,2006,46.738,12,17,21,39,17.4,,,"INDONESIA:  SUMATERA:  NORTHERN, MUARASIPONGI",0.626,99.859,30,5.8,,7,1,,,100,2,,3,680,3,,,7,1,,,100,2,,3,680,2,,
,2007,47.535,1,21,11,27,45,,,INDONESIA:  MOLUCCA ISLANDS:  N,1.065,126.282,22,7.5,,4,1,,,4,1,,1,,,,,4,1,,,4,1,,1,,,,
,2007,47.535,3,6,3,49,38.9,,,INDONESIA:  SUMATRA:  SOUTHERN,-0.493,100.498,19,6.4,8,67,2,,,826,3,,3,43719,4,,4,67,2,,,826,3,,3,43719,4,,4
,2007,47.535,5,29,9,36,5.6,,,INDONESIA: LABUHA,-1.065,127.343,24,6.1,,,,,,,,,1,,2,,,,,,,,,,1,,2,,
,2007,47.535,7,26,5,40,16.1,,,INDONESIA:  MALUKU:  N,2.872,127.464,25,6.9,,,,,,,2,,1,,1,,,,,,,,2,,1,,1,,
,2007,47.535,8,8,17,4,58,,,INDONESIA:  JAVA,-5.968,107.655,289,7.5,,,,,,,,,,,,,,,,,,,,,,,,,
,2007,47.535,9,9,18,36,37.6,,,INDONESIA:  SITUBONDO,-7.783,114.338,35,4.8,,,,,,13,1,,1,,,,,,,,,13,1,,1,,,,
,2007,47.535,9,12,11,10,26.8,3228,,INDONESIA:  SUMATRA,-4.438,101.367,34,8.4,,25,1,,,161,3,,3,56425,4,,4,25,1,,,161,3,,3,56425,4,,4
,2007,47.535,9,12,23,49,3.7,,,INDONESIA:  SUMATRA,-2.625,100.841,35,7.9,,,,,,,,,,,,,,,,,,,,,,,,,
,2007,47.535,11,25,16,2,17.9,,,INDONESIA:  SUMBAWA ISLAND,-8.277,118.339,35,6.5,,3,1,,,,3,,2,,3,,,3,1,,,,3,,2,,3,,
,2008,48.335,1,7,3,12,26.8,,,"INDONESIA: NEW GUINEA: MANOKWARI,",-0.795,134.012,12,5.9,,,,,,6,1,,1,,,22,1,,,,,6,1,,1,,,22,1
,2008,48.335,1,22,17,14,57.9,,,INDONESIA:  SUMATRA:  NIAS ISLAND:  GUNUNGSITOLI,1.011,97.442,20,6.1,,1,1,,,5,1,,1,,,,,1,1,,,5,1,,1,,,,2
,2008,48.335,2,20,8,8,30.5,,,INDONESIA:  SUMATERA:  ACEH PROVINCE,2.768,95.964,26,7.4,,3,1,,,25,1,,,,,,,3,1,,,25,1,,,,,,
,2008,48.335,2,25,8,36,33,3382,,INDONESIA:  SUMATRA:  PADANG,-2.486,99.972,25,6.5,,,,,,,,,1,,,,2,,,,,,,,1,,,,2
,2008,48.335,9,9,3,7,27.5,,,INDONESIA:  SUMATRA:  SOUTHERN,-3.935,103.058,25,5.4,,2,1,,,,,,2,,,,,2,1,,,,,,2,,,113,3
,2008,48.335,11,16,17,2,32.7,3623,,INDONESIA:  MINAHASSA PENINSULA,1.271,122.091,30,7.3,,6,1,,,77,2,,3,,,1000,3,6,1,,,77,2,,3,,,1000,3
,2009,49.134,1,3,19,43,50.6,3647,,PAPUA NEW GUINEA:  NEAR NORTH COAST,-0.414,132.885,17,7.6,,5,1,,,250,3,,3,,,840,3,5,1,,,250,3,,3,,,840,3
,2009,49.134,1,3,22,33,40.2,3649,,PAPUA NEW GUINEA:  NEAR NORTH COAST,-0.691,133.305,23,7.3,,,,,,,,,,,,,,,,,,,,,,,,,
,2009,49.134,2,11,17,34,50.8,3692,,INDONESIA:  KEPULAUAN TALAUD,3.884,126.397,22,7.2,,,,,,64,2,,2,,,597,3,,,,,64,2,,2,,,597,3
,2009,49.134,8,16,7,38,21.7,4482,,INDONESIA:  SUMATRA:  PADANG,-1.479,99.49,20,6.7,,,,,,9,1,,,,,,,,,,,9,1,,,,,,
,2009,49.134,9,2,7,55,1,5734,,INDONESIA:  JAVA,-7.782,107.297,46,7,,81,2,,,1297,4,,3,,,54000,4,81,2,,,1297,4,,3,,,54000,4
,2009,49.134,9,18,23,6,57.7,,,INDONESIA:  BALI:  DENPASAR,-9.138,115.593,79,5.7,,,,,,7,1,,1,,,,2,,,,,7,1,,1,,,,2
,2009,49.134,9,30,10,16,9.2,4441,,INDONESIA:  SUMATRA:  PADANG,-0.72,99.867,81,7.5,,1117,4,,,1214,4,2200,4,,3,181665,4,1117,4,,,1214,4,2200,4,,3,181665,4
,2009,49.134,10,1,1,52,27.3,,,INDONESIA:  SUMATRA:  SOUTHERN:  KERINCI,-2.515,101.501,10,6.6,,3,1,,,,,10,3,,3,,3,3,1,,,,,10,3,,3,,
,2009,49.134,11,8,19,41,43.3,,,INDONESIA:  SUMABAWA:  BIMA,-8.207,118.631,18,6.6,,2,1,,,200,3,2.43,2,,,,,2,1,,,200,3,2.43,2,,,,2
,2010,49.914,1,10,0,25,4.2,,,INDONESIA:  JAVA:  GARUT,-7.907,107.879,65,5.1,,1,1,,,2,1,,,,,,,1,1,,,2,1,,,,,,
,2010,49.914,4,6,22,15,1.5,4763,,INDONESIA:  SUMATRA,2.383,97.048,31,7.8,,,,,,,,,,,,,,,,,,,,,,,,,
,2010,49.914,5,9,5,59,41.6,,,INDONESIA:  N. SUMATRA: SIMEULUE ISLAND,3.748,96.018,38,7.2,,,,,,,,,1,,,,,,,,,,,,1,,,,
,2010,49.914,6,16,3,16,27.5,,,INDONESIA: NEW GUINEA:  IRIAN JAYA: JAPEN,-2.174,136.543,18,7,6,17,1,,,,,,3,2556,4,,,17,1,,,,,,3,2556,4,,
,2010,49.914,10,25,14,42,22,5342,,INDONESIA:  SUMATRA,-3.487,100.082,20,7.8,,,,,,,,,,,,,,431,3,,,,,39,4,700,3,,
,2011,50.595,4,24,23,7,51.4,,,INDONESIA:   SULAWESI:  KENDARI,-4.586,122.771,8,6.1,,,,,,14,1,,2,,2,,,,,,,14,1,,2,,2,,
,2011,50.595,9,5,17,55,11.2,,,INDONESIA:  SUMATRA,2.965,97.893,91,6.7,,10,1,,,,,,1,,,,2,10,1,,,,,,1,,,,2
,2012,51.276,4,11,8,38,36.7,5449,,INDONESIA:  N SUMATRA:  OFF WEST COAST,2.327,93.063,20,8.6,,10,1,,,12,1,,1,,,,2,10,1,,,12,1,,1,,,,2
,2012,51.276,4,11,10,43,10.8,5450,,INDONESIA:  N SUMATRA:  OFF WEST COAST,0.802,92.463,25,8.2,,,,,,,,,,,,,,,,,,,,,,,,,
,2012,51.276,6,4,11,18,13.4,,,INDONESIA:  JAVA,-7.692,106.371,50,5.8,,,,,,2,1,,1,,,23,1,,,,,2,1,,1,,,23,1
,2012,51.276,7,25,0,27,45.2,,,INDONESIA: BANDA ACEH,2.707,96.045,22,6.5,,1,1,,,,,,1,,,20,1,1,1,,,,,,1,,,20,1
,2012,51.276,8,18,9,41,52.4,,,"INDONESIA:  SULAWESI:  SIGI, PARIGI MOUNTONG",-1.315,120.096,10,6.3,,6,1,,,43,1,,4,471,3,1097,4,6,1,,,43,1,,4,471,3,1097,4
,2013,51.955,1,21,22,22,52.7,,,INDONESIA:  SUMATERA:  N,4.927,95.907,12,6.1,,1,1,,,15,1,,1,,,71,2,1,1,,,15,1,,1,,,71,2
,2013,51.955,6,22,5,42,39.8,,,INDONESIA:  LOMBOK ISLAND,-8.305,116.058,47,5.1,,,,,,50,1,,3,5370,3,1700,4,,,,,50,1,,3,5370,4,1700,4
,2013,51.955,7,2,7,37,2.6,,,INDONESIA:  BANDA ACEH,4.645,96.665,13,6.1,,48,1,,,2532,4,113,4,20401,4,,,48,1,,,2532,4,113,4,20401,4,,
,2013,51.955,7,8,2,13,40.6,,,INDONESIA:  JAVA,-8.803,113.002,60,5.7,,,,,,1,1,,1,124,3,,,,,,,1,1,,1,124,3,,
,2013,51.955,10,22,5,40,39.1,,,INDONESIA:  BANDA ACEH,5.103,95.971,10,5.4,5,1,1,,,2,1,,1,,,160,3,1,1,,,2,1,,1,,,160,3
,2014,52.635,1,25,5,14,18.5,,,INDONESIA:  JAVA:  BANYUMAS,-7.986,109.265,66,6.1,6,,,,,,,,1,1,1,,2,,,,,,,,1,1,1,,2
,2014,52.635,11,15,2,32,12,5578,,INDONESIA:  N. MOLUCCAS ISLANDS,1.893,126.522,45,7.1,5,,,,,,,,,,,,,,,,,,,,,,,,
,2015,53.313,7,27,21,42,11,,,INDONESIA:  PAPUA,-2.629,138.528,48,7,5,1,1,,,,,,1,1,1,6,1,1,1,,,,,,1,1,1,6,1
,2015,53.313,9,24,15,53,0,,,INDONESIA:  SORONG,-0.59,131.27,10,6.6,5,,,,,62,2,,2,,,260,3,,,,,62,2,,2,,,260,3
,2015,53.313,11,4,3,44,19,,,INDONESIA:  EAST NUSA TENGGARA:  ALOR,-8.338,124.875,20,6.5,5,,,,,3,1,9,3,,,1468,4,,,,,3,1,9,3,,,1468,4
,2016,53.989,1,16,23,22,4,,,"INDONESIA: MALUKU:  BURU, AMBALAU ISLAND",-3.873,127.229,4,5.6,3,1,1,,,22,1,,1,,,230,3,1,1,,,22,1,,1,,,230,3
,2016,53.989,3,2,12,49,11,5598,,INDONESIA: SUMATRA:,-4.952,94.33,24,7.8,5,,,,,,,,,,,,,,,,,,,,,,,,
,2016,53.989,6,1,22,56,8,,,INDONESIA:  SUMATRA:  PESISIR SELATAN,-2.097,100.665,50,6.6,5,1,1,,,30,1,,2,,,2663,4,1,1,,,30,1,,2,,,2663,4
,2016,53.989,6,7,19,15,33,,,INDONESIA:  MALUKU:  TERNATE ISLAND,1.279,126.371,31,6.3,4,,,,,,,,1,,,,1,,,,,,,,1,,,,1
,2016,53.989,7,31,23,41,28,,,INDONESIA:  SUMBAWA ISLAND:  WEST NUSA TENGGARA,-8.194,117.814,21,5.6,6,,,,,4,1,,2,,,700,3,,,,,4,1,,2,,,700,3
,2016,53.989,12,6,22,3,39,,,INDONESIA:  SUMATRA:  ACEH:  PIDIE JAYA,5.283,96.168,13,6.5,8,104,3,,,857,3,100,4,245,3,18752,4,104,3,,,857,3,100,4,245,3,18752,4
,2017,54.659,3,21,23,10,15,,,INDONESIA:  BALI,-8.492,115.323,112,5.6,,,,,,4,1,,2,,1,,,,,,,4,1,,2,,1,,
,2017,54.659,5,29,14,35,51,,,INDONESIA:  SULAWESI:  POSO,-1.292,120.431,12,6.6,7,,,,,25,1,,2,5,1,348,3,,,,,25,1,,2,5,1,348,3
,2017,54.659,10,31,11,50,37,,,INDONESIA:  MALUKU:  AMBON,-3.745,127.752,6,6.1,5,1,1,,,,,,1,,,14,1,1,1,,,,,,1,,,14,1
,2017,54.659,11,18,16,7,3,,,INDONESIA: NORTH MALUKU: MOROTAI,2.465,128.148,8,5.8,,1,1,,,,,,2,,,294,3,1,1,,,,,,2,,,294,3
,2017,54.659,12,15,16,47,23,,,INDONESIA:  JAVA,-7.492,108.174,90,6.5,7,4,1,,,36,1,,2,,,4825,4,4,1,,,36,1,,2,,,4825,4
,2018,55.325,1,23,6,35,38,,,INDONESIA:  JAVA:  BANTEN,-7.092,105.963,48,5.9,6,1,1,,,11,1,,2,,,2760,4,1,1,,,11,1,,2,,,2760,4
,2018,55.325,4,18,6,29,24,,,INDONESIA:  JAVA:  BANJARNEGARA,-7.248,109.654,10,4.5,2,3,1,,,21,1,,2,,,316,3,3,1,,,21,1,,2,,,316,3
,2018,55.325,6,13,13,6,44,,,"INDONESIA:  MADURA ISLAND, JAVA",-7.001,113.888,10,4.6,,,,,,6,1,,2,,,77,2,,,,,6,1,,2,,,77,2
,2018,55.325,7,21,7,58,0,,,INDONESIA: SUMATRA: SOLOK,-0.969,100.769,10,5.2,,1,1,,,2,1,,2,2,1,,3,1,1,,,2,2,,1,2,1,,3
,2018,55.325,7,28,22,48,14,5778,,INDONESIA:  LOMBOK ISLAND,-8.24,116.508,14,6.4,,17,1,,,355,3,,3,5448,4,,3,17,1,,,355,3,,3,5448,4,,3
,2018,55.325,8,5,11,47,3,5685,,INDONESIA:  LOMBOK ISLAND,-8.258,116.438,34,6.9,,560,3,,,7733,4,509,4,,3,83392,4,560,3,,,7733,4,509,4,,3,83392,4
,2018,55.325,8,9,5,25,38,,,INDONESIA:  LOMBOK ISLAND,-8.307,116.23,15,5.9,,6,1,,,24,1,,2,,,,3,6,1,,,24,1,,2,,,,3
,2018,55.325,8,19,4,11,4,5816,,INDONESIA:  LOMBOK ISLAND,-8.337,116.599,16,6.3,,2,1,,,1,1,,2,,,1705,4,2,1,,,1,1,,2,,,1705,4
,2018,55.325,8,19,14,56,49,,,INDONESIA:  LOMBOK ISLAND,-8.319,116.627,21,6.9,,11,1,,,,1,,2,,,1800,4,11,1,,,,1,,2,,,1800,4
,2018,55.325,9,28,7,0,14,,,INDONESIA:  SULAWESI,-0.401,119.771,4,6.1,,1,1,,,10,1,,1,,1,,1,1,1,,,10,1,,1,,1,,1
,2018,55.325,9,28,10,2,25,5689,,INDONESIA:  SULAWESI,-0.256,119.846,20,7.5,8,4340,4,667,3,10679,4,1500,4,3673,4,39191,4,4340,4,667,3,10679,4,1500,4,3673,4,39191,4
,2018,55.325,10,10,18,44,28,,,"INDONESIA:  MADURA ISLAND, JAVA",-7.453,114.455,9,6,5,4,1,,,36,1,,1,,,433,3,4,1,,,36,1,,1,,,433,3
,2018,55.325,11,14,23,2,24,,,INDONESIA:  SULAWESI:  MAMASA,-2.907,119.392,14,5.5,,7,1,,,,,,2,8,1,,3,7,1,,,,,,2,8,1,,3
,2019,55.985,2,27,23,27,24,,,INDONESIA: SUMATRA: SOLOK,-1.323,101.578,10,5.4,,,,,,48,1,,2,,,343,3,,,,,48,1,,2,,,343,3
,2019,55.985,3,17,7,7,25,,,INDONESIA:  LOMBOK ISLAND,-8.418,116.521,10,5.6,,6,1,,,182,3,,2,843,3,3613,4,6,1,,,182,3,,2,843,3,3613,4
,2019,55.985,4,12,11,40,49,,,INDONESIA:  SULAWESI ISLAND: LUWUK,-1.852,122.553,18,6.8,,1,1,,,,,,,,,,,1,1,,,,,,,,,,
,2019,55.985,7,14,9,10,50,,,INDONESIA:  MOLUCCA ISLANDS:  N,-0.529,128.093,10,7.3,,8,1,,,134,3,,2,1176,4,1158,4,8,1,,,134,3,,2,1176,4,1158,4
,2019,55.985,8,2,12,3,27,5870,,INDONESIA:  JAVA:  BANTEN,-7.282,104.791,49,6.9,,8,1,,,8,1,,2,13,1,458,3,8,1,,,8,1,,2,13,1,458,3
,2019,55.985,9,25,23,46,44,,,INDONESIA:  MALUKU:  AMBON,-3.45,128.347,18,6.5,,31,1,,,179,3,,3,,1,2675,2,31,1,,,179,3,,3,,1,2675,4
,2019,55.985,10,10,4,39,48,,,INDONESIA:  PASSO,-3.65,128.216,54,5,7,1,1,,,2,1,,2,,,,1,1,1,,,2,1,,2,,,,1
,2019,55.985,11,12,10,10,44,,,INDONESIA:  MALUKU:  AMBON,-3.61,128.299,50,5,,2,1,,,3,1,,1,,1,,,2,1,,,3,1,,1,,1,,
,2019,55.985,11,14,16,17,40,5733,,INDONESIA:  MOLUCCA ISLANDS:  N,1.6,126.416,33,7.1,,1,1,,,3,1,,1,,,36,1,1,1,,,3,1,,1,,,36,1
,2020,56.641,3,10,10,18,6,,,"INDONESIA:  JAVA:  SUKABUMI, BOGOR",-6.808,106.676,23,5,8,,,,,4,1,,2,,,1137,4,,,,,4,1,,2,,,1137,4
,2020,56.641,5,29,5,30,,5748,7504,INDONESIA:  JAVA:  IJEN,-8.058,114.242,,,,,,,,,,,,,,,,1,1,,,,,,,,,,
,2020,56.641,6,4,8,49,39,,,INDONESIA: NORTH MALUKU: MOROTAI,2.923,128.248,107,6.4,4,,,,,,,,2,14,1,298,3,,,,,,,,2,14,1,298,3
,2021,57.29,1,14,18,28,18,,,"INDONESIA:  SULAWESI:  MAMUJU, MAJENE",-2.976,118.901,18,6.2,9,105,3,3,1,6489,4,58.7,4,1150,4,7863,4,105,3,3,1,6489,4,58.7,4,1150,4,7863,4
,2021,57.29,4,10,7,0,17,,,"INDONESIA: JAVA: LUMAJANG, MALANG",-8.562,112.519,82,6,5,10,1,,,39,1,,3,85,2,3024,4,10,1,,,39,1,,3,85,2,3024,4
,2021,57.29,6,16,4,43,7,5788,,INDONESIA: MALUKU,-3.593,129.503,10,5.8,6,,,,,,,,1,,,,1,,,,,,,,1,,,,1
,2021,57.29,8,26,2,14,22,,,INDONESIA: CENTRAL SULAWESI: TOJO UNA-UNA,-0.854,121.523,8,5.5,5,1,1,,,,,,1,,1,,,1,1,,,,,,1,,1,,
,2021,57.29,10,15,20,18,21,,,"INDONESIA:  BALI: KARANGASEM, BANGLI",-8.356,115.458,10,5.1,8,3,1,,,82,2,,3,366,3,524,3,3,1,,,82,2,,3,366,3,524,3
,2021,,12,14,3,20,24,5822,,INDONESIA:  FLORES REGION,-7.603,122.2,18,7.3,9,,,,,1,1,,2,41,1,200,3,,,,,1,1,,2,41,1,200,3
,2022,,1,14,9,5,42,,,"INDONESIA: PANDEGLANG, BANTEN",-6.929,105.251,37,6.6,8,,,,,1975,4,,3,395,3,2683,4,,,,,1975,4,,3,395,3,2683,4
,2022,,2,25,1,39,27,,,"INDONESIA: W SUMATRA: PASAMAN, WEST PASAMAN",0.233,100.106,12,6.2,9,27,1,,,457,3,,3,103,3,4800,4,27,1,,,457,3,,3,103,3,4800,4
,2022,,9,30,19,28,40,,,INDONESIA:  SUMATRA,2.109,98.928,21,5.9,7,1,1,,,,1,,2,,,,,1,1,,,,1,,2,,,,
,2022,,11,21,6,21,10,,,INDONESIA: W JAVA: CIANJUR,-6.853,107.095,10,5.6,8,635,3,5,1,,,,4,13633,4,42645,4,635,3,5,1,,,,4,13633,4,42645,4
,2023,,1,9,17,47,35,5871,,INDONESIA:  BANDA SEA,-7.049,130.038,105,7.6,5,,,,,,,,2,37,1,327,3,,,,,,,,2,37,1,327,3
,2023,,2,9,6,28,0,,,INDONESIA: NEW GUINEA: IRIAN JAYA: JAYAPURA,-2.635,140.557,22,5.1,8,4,1,,,,,,1,15,1,28,1,4,1,,,,,,1,15,1,28,1